phone,email,city,country_id,company_id,name
'+58 212 681 0538,vauxoo@yourcompany.example.com,Fremont,United States,,Azure Interior
(355)-687-3262,brandon.freeman55@example.com,Fremont,United States,,Brandon Freeman
(255)-595-8393,colleen.diaz83@example.com,Fremont,United States,,Colleen Diaz
(946)-638-6034,nicole.ford75@example.com,Fremont,United States,,Nicole Ford
'+49 30 12345678,flower@example.com,Berlin,Germany,,Bloem GmbH
'+32485562388,coin.gourmand@yourcompany.example.com,Tirana,Albania,,Coin gourmand
'+32 10 588 558,info@agrolait.com,Pleasant Hill,United States,,Deco Addict
(223)-399-7637,addison.olson28@example.com,Pleasant Hill,United States,,Addison Olson
(132)-553-7242,douglas.fletcher51@example.com,Pleasant Hill,United States,,Douglas Fletcher
(145)-138-3401,floyd.steward34@example.com,Pleasant Hill,United States,,Floyd Steward
'+1 312 349 2324,john.b@tech.info,Fairfield,United States,,Gemini Furniture
(943)-352-2555,edwin.hansen58@example.com,Fairfield,United States,,Edwin Hansen
(829)-386-3277,jesse.brown74@example.com,Fairfield,Belgium,My Company (San Francisco),Jesse Brown
(561)-239-1744,oscar.morgan11@example.com,Fairfield,United States,,Oscar Morgan
(379)-167-2040,soham.palmer15@example.com,Fairfield,United States,,Soham Palmer
,cynthiasanchez@gmail.com,Russeltown,United States,,Hungry Dog
(828)-316-0593,lumber-inv92@example.com,Stockton,United States,,Lumber Inc
(443)-648-9155,lorraine.douglas35@example.com,Stockton,United States,,Lorraine Douglas
'+1 555-555-5757,demo@yourcompany.example.com,Williston,United States,,Mark Demo
'+1 555-555-5555,admin@yourcompany.example.com,Stockton,Belgium,My Company (San Francisco),Mitchell Admin
'+1 312 349 3030,chicago@yourcompany.com,Chicago,United States,,My Company (Chicago)
(461)-417-6587,jeff.lawson52@example.com,Chicago,United States,,Jeff Lawson
'+1 (650) 555-0111 ,info@yourcompany.com,San Francisco,United States,,My Company (San Francisco)
(979)-904-8902,chester.reed79@example.com,San Francisco,United States,,Chester Reed
(614)-177-4937,dwayne.newman28@example.com,San Francisco,United States,,Dwayne Newman
,pieter.parters@example.com,Grand-Rosière-Hottomont,Belgium,,Pieter Parter's Farm
'+32 987 65 43 21,wow@example.com,Florenville,Belgium,,OpenWood
'+32456325289,pizza.inn@yourcompany.example.com,New Delhi TN,United States,,Pizza Inn
(803)-873-6126,info@deltapc.com,Tracy,United States,,Ready Mat
(915)-498-5611,billy.fox45@example.com,Tracy,United States,,Billy Fox
(938)-175-2048,edith.sanchez68@example.com,Tracy,United States,,Edith Sanchez
(225)-148-7811,julie.richards84@example.com,Tracy,United States,,Julie Richards
(215)-379-4865,kim.snyder96@example.com,Tracy,United States,,Kim Snyder
(430)-371-7293,sandra.neal80@example.com,Tracy,United States,,Sandra Neal
(186)-612-6561,theodore.gardner36@example.com,Tracy,United States,,Theodore Gardner
(840)-944-8661,travis.mendoza24@example.com,Tracy,United States,,Travis Mendoza
,reno.mendoza@example.com,Reno,United States,,Reno Airfield
'+86 21 1234 5678,ptero@example.com,Shanghai Shi,China,,"Shangai Pterocarpus Furniture Co., Ltd."
'+32498859912,order@sushi.com,Paris,France,,Sushi Shop
'+32654321515,info@corner.com,Atlanta,United States,,The Corner
(334)-502-1024,jackson.group82@example.com,Tracy,United States,,The Jackson Group
(336)-723-6569,gordon.owens47@example.com,Tracy,United States,,Gordon Owens
(198)-539-4948,toni.rhodes11@example.com,Tracy,United States,,Toni Rhodes
'+1 418 123 4567,tree@example.com,Ville de Quebec,Canada,,Tree Dealers SP
,wembley.a100@ic.example.com,London,United Kingdom,,Wembley Stadium
(623)-853-7197,bhu.a100@ic.example.com,Turlock,United States,,Wood Corner
(976)-397-4091,ron.gibson76@example.com,Turlock,United States,,Ron Gibson
(102)-834-1602,tom.ruiz89@example.com,Turlock,United States,,Tom Ruiz
(846)-523-2111,willie.burke80@example.com,Turlock,United States,,Willie Burke
(683)-556-5104,joel.willis63@example.com,Bayonne,United States,,Joel Willis
(441)-695-2334,mark.brown23@example.com,Bayonne,United States,My Company (San Francisco),Marc Demo
'+1 555-555-5555,admin@yourcompany.example.com,Bayonne,Canada,My Company (San Francisco),Mitchell Admin
'+58 212 681 0538,vauxoo@yourcompany.example.com,Ville de Quebec,Canada,,Azure Interior
'+86 21 1234 5678,ptero@example.com,Shanghai Shi,China,,Shanghai Shi pvt.ltd
(334)-502-9087,jackson.group82@example.com,Tracy,United States,,The Jackson Group
(846)-523-2111,willie.burke80@example.com,Reno,United States,,Willie Burke
509-786-5559,barbara.zimmermann@smwe.com,Prosser,United States,,14 Hands Winery
716-601-3333,main2121@aol.com,West Seneca,United States,,2121 Main Street Pharmacy
716-792-4653,kriskane@21brix.com,Portland,United States,,Kris Kane
716-634-2585,https://3gsigns.com/,Amherst,United States,,3G Grafix LLC
,bob@3gsigns.com,Amherst,United States,,Bobby Ganz
315-252-8415,dszozda@4mprecision.com;mmorin@4mprecision.com,Auburn,United States,,4M Precision Industries Inc.
,amorin@4mprecision.com,Auburn,United States,,Al Morin
,ereid@4mprecision.com,Auburn,United States,,Elaine Reid
609-288-6060 x231,aelias@aaapharm.com,Lumberton,China,My Company (San Francisco),Amany Elias
,jbiggs@aaapharm.com,Paulsboro,United States,,Jeff Biggs
,lwilt@aaapharm.com,Lumberton,United States,,Lara Wilt
585-243-0660,geneseeabbeyap@gmail.com,Piffard,United States,,Abbey of the Genesee
585-341-2573,brotherpaul1959@gmail.com,Piffard,United States,,Brother Paul Richards
585-261-5616,jeff@monksbread.com,Piffard,United States,,Jeff Jackson
716-877-0810,lblizzard@freight.abf.com,Tonawanda,United States,,ABF Freight System Inc.
585-254-4500,mark_herzog@abrasivetool.com,Rochester,United States,,Abrasive Tool Corp.
,mark_herzog@abrasivetool.com,Rochester,United States,,Mark Herzog
631-920-7707,accuratecomponentscorp@gmail.com,West Babylon,United States,,Accurate Components
,j_long@aceglass.com,Vineland,United States,,Ace Glass
,l_horan@aceglass.com,Vineland,United States,,Lewis Horan
,t_petrocella@aceglass.com,Vineland,United States,,Tom Petrocella
,info@acintergroup.com,Miami,United States,,Acinterlab
716-713-6495,jacmeatcompany@yahoo.com,Lakeview,United States,,A&C Meat Co
585-328-2028,glide623@aol.com,Rochester,United States,,Acme Precision Screw Products
832-312-1312,tim.tancred@myrtlegroup.com,Fairfield,United States,,Abbott Nutrition
847-935-9807,anthony.demeis@abbvie.com,North Chicago,United States,,Abbvie
